Keys,Values
Wellness Check,welfare
Wellness Check,wellness
Wellness Check,check-in
Wellness Check,wellbeing
Alarm - Supervisory/Room,alarm
Alarm - Supervisory/Room,supervisory
Alarm - Supervisory/Room,gas
Alarm - Fire,fire
Non-Affiliate/Transient,transient
Non-Affiliate/Transient,stranger
Non-Affiliate/Transient,suspicious
Non-Affiliate/Transient,nonaffiliate
Non-Affiliate/Transient,unauthorized
Non-Affiliate/Transient,affiliate
Non-Affiliate/Transient,unaffiliated
Non-Affiliate/Transient,non-affiliate
Non-Affiliate/Transient,non-affiliated
Non-Affiliate/Transient,not ucla affiliated
Noise,noise
Noise,disruptive
Noise,loud
A/RA Consultation,consult
A/RA Consultation,consultation
A/RA Consultation,consulted
EMS,ems
EMS,transport
EMS,EMS
Elevator Entrapment,elevator
Elevator Entrapment,entrapment
Maintenance/Housing,maintenence
Maintenance/Housing,malfunctioning
Maintenance/Housing,maintenance
Maintenance/Housing,housekeeping
Roommate Conflict,conflict
Roommate Conflict,roommate
Party/Large Gathering,intoxicated
Marijuana,marijuana
Smoking,smoking
Party/Large Gathering,alcohol
Party/Large Gathering,drugs
Party/Large Gathering,drunk
Marijuana,high
Room Escort,escort
Room Escort,escorted
Suicide Ideation,suicide
Suicide Ideation,suicidal
Mental Health,distressed
Mental Health,distress
Suicide Ideation,self-harm
Suicide Ideation,self harm
Title IX,sexual
Title IX,title
COVID Isolation,isolation
COVID Isolation,isolated
COVID Isolation,mask
COVID Isolation,masks
Scooter Accident,scooter
Physical Altercation,physical Altercation
Physical Altercation,fight
